URL;QR Code Title (for reference)
https://stephend017.github.io/apartment-gallery/gallery/birds-on-branch;birds-on-branch
https://stephend017.github.io/apartment-gallery/gallery/bold-and-brash;bold-and-brash
https://stephend017.github.io/apartment-gallery/gallery/copium;copium
https://stephend017.github.io/apartment-gallery/gallery/gay-london;gay-london
https://stephend017.github.io/apartment-gallery/gallery/singaporean-guernica;singaporean-guernica
https://stephend017.github.io/apartment-gallery/gallery/this-is-fine;this-is-fine
https://stephend017.github.io/apartment-gallery/gallery/stephen-collage;stephen-collage
https://stephend017.github.io/apartment-gallery/gallery/calm-down;calm-down
https://stephend017.github.io/apartment-gallery/gallery/fyfy;fyfy
https://stephend017.github.io/apartment-gallery/gallery/scary-lady;scary-lady
https://stephend017.github.io/apartment-gallery/gallery/connie;connie
https://stephend017.github.io/apartment-gallery/gallery/pigeon-bagel;pigeon-bagel
https://stephend017.github.io/apartment-gallery/gallery/rat-pizza;rat-pizza
https://stephend017.github.io/apartment-gallery/gallery/singapore-chinatown;singapore-chinatown
https://stephend017.github.io/apartment-gallery/gallery/maybe-venice;maybe-venice
https://stephend017.github.io/apartment-gallery/gallery/eddy;eddy
https://stephend017.github.io/apartment-gallery/gallery/madrid;madrid
https://stephend017.github.io/apartment-gallery/gallery/paris;paris
https://stephend017.github.io/apartment-gallery/gallery/hand-collage;hand-collage
https://stephend017.github.io/apartment-gallery/gallery/cat-dumpling;cat-dumpling
https://stephend017.github.io/apartment-gallery/gallery/dog-with-phone;dog-with-phone
https://stephend017.github.io/apartment-gallery/gallery/mahjong-cats;mahjong-cats
https://stephend017.github.io/apartment-gallery/gallery/save-our-wildlife;save-our-wildlife
https://stephend017.github.io/apartment-gallery/gallery/rockefeller-christmas;rockefeller-christmas
https://stephend017.github.io/apartment-gallery/gallery/ramen;ramen
https://stephend017.github.io/apartment-gallery/gallery/tiny-collage;tiny-collage
https://stephend017.github.io/apartment-gallery/gallery/sexy-carrot;sexy-carrot
https://stephend017.github.io/apartment-gallery/gallery/bruce-mccall;bruce-mccall
https://stephend017.github.io/apartment-gallery/gallery/sleep-no-more;sleep-no-more
https://stephend017.github.io/apartment-gallery/gallery/responsible-goose;responsible-goose
https://stephend017.github.io/apartment-gallery/gallery/postcard-collage;postcard-collage
https://stephend017.github.io/apartment-gallery/gallery/chopstick-cats;chopstick-cats
https://stephend017.github.io/apartment-gallery/gallery/degree;degree
https://stephend017.github.io/apartment-gallery/gallery/london;london
https://stephend017.github.io/apartment-gallery/gallery/cantonese-dinner;cantonese-dinner
https://stephend017.github.io/apartment-gallery/gallery/la-padrera-casa-mila;la-padrera-casa-mila
https://stephend017.github.io/apartment-gallery/gallery/in-n-out;in-n-out
https://stephend017.github.io/apartment-gallery/gallery/coffee-table;coffee-table
https://stephend017.github.io/apartment-gallery/gallery/mag-collage;mag-collage
